"from","to"
"V1","V46"
"V1","V77"
"V1","V84"
"V1","V91"
"V2","V3"
"V2","V4"
"V2","V9"
"V2","V11"
"V2","V16"
"V2","V36"
"V2","V40"
"V2","V55"
"V2","V62"
"V2","V66"
"V2","V73"
"V3","V16"
"V3","V36"
"V3","V55"
"V3","V63"
"V3","V66"
"V4","V9"
"V4","V11"
"V4","V19"
"V4","V55"
"V4","V66"
"V5","V6"
"V5","V12"
"V5","V38"
"V5","V47"
"V6","V23"
"V6","V24"
"V6","V47"
"V6","V55"
"V7","V21"
"V7","V29"
"V7","V35"
"V7","V39"
"V7","V68"
"V7","V80"
"V8","V13"
"V8","V15"
"V8","V28"
"V8","V67"
"V9","V16"
"V9","V19"
"V9","V55"
"V9","V66"
"V9","V84"
"V10","V13"
"V10","V20"
"V10","V28"
"V10","V76"
"V11","V55"
"V11","V66"
"V12","V24"
"V12","V56"
"V13","V15"
"V13","V20"
"V13","V42"
"V13","V51"
"V13","V60"
"V13","V70"
"V13","V98"
"V14","V17"
"V14","V18"
"V14","V22"
"V14","V29"
"V14","V31"
"V14","V33"
"V14","V34"
"V14","V35"
"V14","V39"
"V14","V41"
"V14","V52"
"V14","V53"
"V14","V80"
"V14","V83"
"V14","V90"
"V14","V93"
"V14","V98"
"V16","V55"
"V16","V68"
"V17","V31"
"V18","V21"
"V18","V35"
"V18","V39"
"V18","V46"
"V18","V53"
"V18","V68"
"V18","V93"
"V19","V55"
"V20","V37"
"V20","V67"
"V20","V69"
"V20","V70"
"V21","V33"
"V21","V39"
"V21","V41"
"V21","V52"
"V21","V57"
"V21","V68"
"V21","V74"
"V21","V90"
"V21","V93"
"V22","V39"
"V22","V41"
"V22","V68"
"V22","V84"
"V22","V95"
"V24","V40"
"V24","V45"
"V24","V56"
"V24","V59"
"V24","V85"
"V25","V58"
"V25","V61"
"V25","V66"
"V25","V69"
"V25","V78"
"V25","V92"
"V25","V99"
"V26","V75"
"V26","V79"
"V26","V96"
"V27","V32"
"V27","V61"
"V27","V78"
"V27","V79"
"V27","V87"
"V27","V92"
"V27","V94"
"V27","V97"
"V27","V99"
"V28","V51"
"V28","V99"
"V29","V35"
"V29","V39"
"V29","V88"
"V30","V39"
"V30","V43"
"V30","V54"
"V30","V65"
"V30","V94"
"V30","V99"
"V31","V33"
"V31","V39"
"V31","V53"
"V32","V44"
"V32","V58"
"V32","V69"
"V32","V99"
"V33","V39"
"V33","V75"
"V33","V88"
"V33","V99"
"V34","V35"
"V34","V58"
"V34","V86"
"V35","V39"
"V35","V87"
"V37","V70"
"V38","V56"
"V39","V41"
"V39","V52"
"V39","V53"
"V39","V57"
"V39","V74"
"V39","V83"
"V39","V86"
"V39","V90"
"V39","V94"
"V40","V45"
"V41","V53"
"V41","V60"
"V41","V90"
"V41","V93"
"V41","V95"
"V42","V53"
"V42","V70"
"V42","V76"
"V43","V44"
"V43","V75"
"V43","V78"
"V43","V99"
"V44","V48"
"V44","V92"
"V44","V94"
"V44","V97"
"V44","V99"
"V46","V50"
"V46","V64"
"V46","V72"
"V46","V81"
"V46","V82"
"V46","V84"
"V46","V89"
"V47","V59"
"V48","V50"
"V48","V66"
"V48","V71"
"V48","V82"
"V49","V84"
"V49","V98"
"V50","V72"
"V50","V76"
"V50","V89"
"V51","V76"
"V53","V74"
"V53","V85"
"V53","V88"
"V54","V58"
"V54","V64"
"V54","V78"
"V54","V97"
"V54","V99"
"V55","V63"
"V55","V66"
"V57","V58"
"V57","V65"
"V57","V99"
"V58","V61"
"V58","V78"
"V58","V79"
"V58","V87"
"V58","V94"
"V58","V99"
"V60","V67"
"V60","V78"
"V61","V65"
"V61","V78"
"V61","V92"
"V61","V99"
"V62","V66"
"V63","V73"
"V64","V71"
"V64","V81"
"V64","V84"
"V64","V89"
"V64","V98"
"V65","V78"
"V65","V79"
"V65","V99"
"V73","V79"
"V75","V92"
"V75","V99"
"V76","V92"
"V77","V82"
"V78","V87"
"V78","V92"
"V78","V96"
"V78","V99"
"V78","V100"
"V79","V87"
"V79","V94"
"V79","V99"
"V83","V95"
"V85","V90"
"V87","V92"
"V87","V98"
"V87","V99"
"V91","V98"
"V92","V94"
"V92","V99"
"V94","V96"
"V94","V99"
"V94","V100"
"V96","V99"
"V97","V99"
"V99","V100"
